,name,BUSNAME,address_admin,PropAddr,APN,ACCOUNT,BUSTYPE,OWNER,APPRVALUE,ASSDVALUE,secondary_source,notes
1,Example Venue,STATION INN,402 12TH AVE S,402 12TH AVE S,9313058100,89734,Drinking Places (Alcoholic Bev,EARL J. T. GRAY,1000,300,NA,NA
2,12 South Taproom & Grill,12 SOUTH MARKET & DELI INC,2318 12TH AVE S,2318 12TH AVE S,10513021100,125784,Drinking Places (Alcoholic Bev,GEORGE SHUFF IV,55497,16649,NA,NA
3,404 Bar & Grill,404 BAR + GRILL,404 ELYSIAN FIELDS RD,404 ELYSIAN FIELDS RD,13314008900,159930,Drinking Places (Alcoholic Bev,404 BAR + GRILL,31141,9342,NA,NA
4,6th and Peabody,SOBRO LIVE LLC,423 6TH AVE S,423 6TH AVE S,9310018800,177593,Microbrewery,SOBRO LIVE LLC,1587288,476186,NA,NA
9,Acme Feed & Seed,"ACME NASHVILLE, LLC",101 BROADWAY,101 BROADWAY,9306210200,160544,Full Service Resturants,"ACME NASHVILLE, LLC",472860,141858,NA,NA
10,AJ's Good Time Bar,AJ`S GOOD TIME BAR,421 BROADWAY,421 BROADWAY,9306310800,168404,Drinking Places (Alcoholic Bev,"GOOD TIME, LLC",1000,300,NA,NA
12,Aloft Nashville West End,ALOFT NASHVILLE WEST END,1719 WEST END AVE,1719 WEST END AVE,9216017400,139324,Full Service Hotel,ERGS HI NASHVILLE REO LLC,1466465,439940,NA,NA
15,American Legion Post 82,AMERICAN LEGION POST 82 (INGLEWOOD),3204 GALLATIN PIKE,3204 GALLATIN PIKE,7206025400,84368,Office Administrative Services,AMERICAN LEGION POST 82,15616,4685,NA,NA
16,Analog at Hutton Hotel,HUTTON HOTEL,1808 WEST END AVE,1808 WEST END AVE,9216043400,143046,Full Service Hotel,BUTTON UP MUSIC ROW HOTEL,9702160,2910648,"[
 {
   ""name"": ""Analog at Hutton Hotel"",
   ""BUSNAME"": ""ENCORE GROUP USA LLC"",
   ""address_admin"": ""1808 WEST END AVE"",
   ""PropAddr"": ""1808 WEST END AVE"",
   ""APN"": 9216043400,
   ""ACCOUNT"": 144563,
   ""BUSTYPE"": ""Equipment Only"",
   ""OWNER"": ""AUDIO VISUAL SERVICES GROUP, LLC"",
   ""APPRVALUE"": 29285,
   ""ASSDVALUE"": 8786
 }
]",hotel
21,Bad Axe Throwing Nashville,"BAD AXE THROWING NASHVILLE, LLC",648 FOGG ST,648 FOGG ST,9314032100,181037,Drinking Places (Alcoholic Bev,"BAD AXE THROWING NASHVILLE, LLC",58309,17493,NA,NA
23,Bar Sovereign,BAR SOVEREIGN LLC,514 REP JOHN LEWIS WAY S,514 REP JOHN LEWIS WAY S,9310034700,165698,Drinking Places (Alcoholic Bev,BAR SOVEREIGN LLC,79568,23870,NA,NA
25,Barbershop Harmony Society,BARBER SHOP QUARTET PRESERVATION,110 7TH AVE N,110 7TH AVE N,9306302800,142137,Office Administrative Services,BARBER SHOP QUARTET PRESERVATION,672715,201815,NA,NA
26,Barbershop Theater,"BARBERSHOP THEATER LLC, THE",4003 INDIANA AVE,4003 INDIANA AVE,9112021700,174262,"Hair, Nail + Skin Care Service","BARBERSHOP THEATER LLC, THE",3620,1086,NA,NA
29,Barlines (Omni Nashville Hotel),"OMNI NASHVILLE, LLC--  IDB",250 REP JOHN LEWIS WAY S,250 REP JOHN LEWIS WAY S,093100B00300CO,157968,Full Service Hotel,INDUSTRIAL DEVELOPMENT BOARD OF METRO,0,0,"[
 {
   ""name"": ""Barlines (Omni Nashville Hotel)"",
   ""BUSNAME"": ""ENCORE GROUP USA LLC"",
   ""address_admin"": ""250 REP JOHN LEWIS WAY S"",
   ""PropAddr"": ""250 REP JOHN LEWIS WAY S"",
   ""APN"": ""093100B00300CO"",
   ""ACCOUNT"": ""161119"",
   ""BUSTYPE"": ""Engineering Services"",
   ""OWNER"": ""ENCORE EVENT TECHNOLOGIES INC (INSIDE OMNI)"",
   ""APPRVALUE"": 283532,
   ""ASSDVALUE"": 85060
 }
]",hotel
34,Big Jimmy's,LEON MAY APTS,109 2ND AVE N,109 2ND AVE N,9306204700,99863,Apts WO/Clubhouse,"MAY, LEON",2370,711,NA,NA
46,Big Shotz,ANGRY HUSK LLC,115 2ND AVE N,115 2ND AVE N,9306205000,146570,Drinking Places (Alcoholic Bev,ANGRY HUSK LLC,72188,21656,NA,NA
48,Bobby's Idle Hour Tavern,BOBBY`S IDLE HOUR TAVERN,9 MUSIC SQ S,9 MUSIC SQ S,10404013000,176308,Drinking Places (Alcoholic Bev,BOBBY`S IDLE HOUR TAVERN,9350,2805,NA,NA
49,Bongo Java After Hours Theatre,BONGO JAVA,2007 BELMONT BLVD,2007 BELMONT BLVD,10412028200,90557,Small Resturants-Independents,BOB BERNSETEIN,104857,31457,NA,NA
50,Bootleggers Inn,BOOTLEGGERS INN,207 BROADWAY,207 BROADWAY,9306404600,138418,Drinking Places (Alcoholic Bev,NA,24292,7288,NA,NA
51,Bowie's,NA,174 3RD AVE N,NA,9306200200,NA,NA,NA,NA,NA,NA,NA
52,Bridgestone Arena,SMOKEY MOUNTAIN SPORTSERVICE INC,501 BROADWAY,501 BROADWAY,9306000800,101328,Musical Groups + Artists,DELAWARE NORTH COMPANIES INC,1855806,556742,"[
 {
   ""name"": ""Bridgestone Arena"",
   ""BUSNAME"": ""NASHVILLE HOCKEY CLUB LTD"",
   ""address_admin"": ""501 BROADWAY"",
   ""PropAddr"": ""501 BROADWAY"",
   ""APN"": 9306000800,
   ""ACCOUNT"": 106409,
   ""BUSTYPE"": ""Musical Groups + Artists"",
   ""OWNER"": ""PREDATORS HOLDINGS LLC"",
   ""APPRVALUE"": 3854618,
   ""ASSDVALUE"": 1156385
 },
 {
   ""name"": ""Bridgestone Arena"",
   ""BUSNAME"": ""TICKETMASTER LLC"",
   ""address_admin"": ""501 BROADWAY"",
   ""PropAddr"": ""501 BROADWAY"",
   ""APN"": 9306000800,
   ""ACCOUNT"": 133887,
   ""BUSTYPE"": ""Equipment Only"",
   ""OWNER"": ""TICKETMASTER LLC"",
   ""APPRVALUE"": 43386,
   ""ASSDVALUE"": 13016
 }
]",multiple music venues possible
62,Cafe Coco,CAFE COCO,210 LOUISE AVE,210 LOUISE AVE,9215010600,104621,Small Resturants-Independents,CHARLES CINELLI,18302,5491,NA,NA
64,Caney Fork River Valley Grille,CANEY FORK FISH CAMP,2400 MUSIC VALLEY DR,2400 MUSIC VALLEY DR,6200011800,134328,Full Service Resturants,CANEY FORK FISH CAMP,87634,26290,NA,NA
66,Cannery Hall (to be opened),MERCY LOUNGE,1 CANNERY ROW,1 CANNERY ROW,9314000200,122826,Drinking Places (Alcoholic Bev,MERCY LOUNGE,79568,23870,NA,NA
67,Carol Ann<92>s,CAROL ANN`S HOME CAFE,407 MURFREESBORO PIKE,407 MURFREESBORO PIKE,10601010900,135566,Small Resturants-Independents,CAROL ANN`S HOME CAFE,10600,3180,NA,NA
68,Chief's on Broadway,NA,200 BROADWAY,NA,9306204400,NA,NA,NA,NA,NA,NA,NA
69,Commodore Grille (Holiday Inn Vanderbilt),HOLIDAY INN VANDERBILT,2613 WEST END AVE,2613 WEST END AVE,10403006300,92058,Full Service Hotel,WEST TRACE LLC,2839821,851946,NA,NA
78,Cross-Eyed Critters Watering Hole,CROSS EYED CRITTERS WATERING HOLE,101 20TH AVE N,101 20TH AVE N,9216004000,181456,Drinking Places (Alcoholic Bev,CROSS EYED CRITTERS WATERING HOLE,58309,17493,NA,NA
79,Crow's Nest,DTAG INC,2221 BANDYWOOD DR,2221 BANDYWOOD DR,11714012500,91676,Drinking Places (Alcoholic Bev,STOCKHOLDERS,80739,24222,NA,NA
80,Dawg House Saloon,DAWG HOUSE SALOON,1522 DEMONBREUN ST,1522 DEMONBREUN ST,9309025900,162148,Drinking Places (Alcoholic Bev,DAWG HOUSE SALOON,649011,194703,NA,NA
81,Decker & Dyer,ENCORE GROUP USA LLC,807 CLARK PL,807 CLARK PL,9310003200,169702,Equipment Only,AUDIO VISUAL SERVICES GROUP LLC,60983,18295,NA,NA
84,Dee's Country Cocktail Lounge,DEE`S COUNTRY COCKTAIL LOUNGE,102 E PALESTINE AVE,102 E PALESTINE AVE,5108011200,168432,Drinking Places (Alcoholic Bev,DEE`S COUNTRY COCKTAIL LOUNGE,18178,5453,NA,NA
85,Dierks Bentley's Whiskey Row Nashville,WHISKEY ROW NASHVILLE LLC,400 BROADWAY,400 BROADWAY,9306308200,170290,Full Service Resturants,WHISKEY ROW NASHVILLE LLC,438130,131439,NA,NA
88,Doc Holidays,DOC HOLLIDAY`S WHISKEY SALOON,112 2ND AVE N,112 2ND AVE N,9306208400,146069,Drinking Places (Alcoholic Bev,JAMES HOBBS,8091,2427,NA,NA
99,Dream Nightclub,DREAM NASHVILLE,210 4TH AVE N,210 4TH AVE N,9306105700,175568,Full Service Hotel,DREAM NASHVILLE,0,0,"[
 {
   ""name"": ""Dream Nightclub"",
   ""BUSNAME"": ""PARLOUR BAR"",
   ""address_admin"": ""210 4TH AVE N"",
   ""PropAddr"": ""210 4TH AVE N"",
   ""APN"": 9306105700,
   ""ACCOUNT"": 177632,
   ""BUSTYPE"": ""Drinking Places (Alcoholic Bev"",
   ""OWNER"": ""PARLOUR BAR"",
   ""APPRVALUE"": 0,
   ""ASSDVALUE"": 0
 }
]",hotel
NA,Drkmttr Collective,MUSIC CITY LOUNGE,1111 DICKERSON PIKE,1111 DICKERSON PIKE,8203000500,164496,Drinking Places (Alcoholic Bev,MUSIC CITY LOUNGE,3616,1085,NA,NA
106,Drury Plaza Hotel Nashville Downtown-Bar,DRURY DEVELOPMENT CORPORATION,300 KOREAN VETERANS BLVD,300 KOREAN VETERANS BLVD,9310039700,172269,Full Service Hotel,DRURY DEVELOPMENT CORPORATION,5512675,1653803,,hotel
107,ERGO,ENCORE GROUP USA LLC,1001 BROADWAY,1001 BROADWAY,9309032600,162997,Engineering Services,ENCORE EVENT TECHNOLOGIES INC (INSIDE UNION STATIO,14743,4423,NA,NA
108,Famous Nashville,ALMOST FAMOUS SALOON LLC,110 2ND AVE N,110 2ND AVE N,9306208500,172380,Drinking Places (Alcoholic Bev,ALMOST FAMOUS SALOON LLC,513525,154058,NA,NA
109,FGL House,FGL HOUSE KITCHEN & BAR,120 3RD AVE S,120 3RD AVE S,9306405500,170845,Drinking Places (Alcoholic Bev,FGL HOUSE KITCHEN & BAR,901156,270347,NA,NA
112,Flamingo Cocktail Club,FALCON & FLAMINGO THE,509 HOUSTON ST,509 HOUSTON ST,10503018500,173324,Small Resturants-Independents,"SOLER, ALEXIS",35534,10660,NA,NA
113,Fort Houston (The Forge),GRIND,217 WILLOW ST,217 WILLOW ST,9312002700,173524,Studio Fitness,GRIND,15369,4611,NA,NA
114,Frist Center for the Visual Arts,EDWARD HARDY HIGH PRODUCTION COMPANY,919 BROADWAY,919 BROADWAY,9309031000,163311,Motion Picture + Video Product,EDWARD HARDY HIGH PRODUCTION COMPANY,120583,36175,NA,NA
115,Glen Campbell Museum and Rhinestone Stage,BIG RIVERBREWERIES INC NASHVILLE,111 BROADWAY,111 BROADWAY,9306210000,99147,Full Service Resturants,NA,555166,166550,NA,NA
122,Grand Hyatt Nashville,GRAND HYATT NASHVILLE,1000 BROADWAY,1000 BROADWAY,9309034300,181092,Full Service Hotel,SWVP NASHVILLE HOTEL LLC,29253637,8776091,"[
 {
   ""name"": ""Grand Hyatt Nashville"",
   ""BUSNAME"": ""LOU NA"",
   ""address_admin"": ""1000 BROADWAY"",
   ""PropAddr"": ""1000 BROADWAY"",
   ""APN"": 9309034300,
   ""ACCOUNT"": 181411,
   ""BUSTYPE"": ""Drinking Places (Alcoholic Bev"",
   ""OWNER"": ""LOU NA"",
   ""APPRVALUE"": 58309,
   ""ASSDVALUE"": 17493
 }
]",hotel
125,Grand Ole Opry,GRAND OLE OPRY,2804 OPRYLAND DR,2804 OPRYLAND DR,7300003700,95150,Music/Performance Venue,"RHP HOTEL OPERATIONS HOLDCO, LLC",11563117,3468935,NA,NA
126,Grimey's New & Preloved Music,GRIMEY`S NEW +PRELOVED MUSIC,1060 E TRINITY LN,1060 E TRINITY LN,7206022000,113942,General Retail,NA,25598,7679,NA,NA
128,Headquarters Beercade,HEADQUARTERS BEERCADE NASHVILLE,114 2ND AVE S,114 2ND AVE S,9306405800,177473,Drinking Places (Alcoholic Bev,HEADQUARTERS BEERCADE NASHVILLE,44573,13372,NA,NA
131,Helen's Hot Chicken,HELEN`S HOT CHICKEN,1801 JEFFERSON ST,1801 JEFFERSON ST,9203023800,162179,Small Resturants-Independents,HELEN`S HOT CHICKEN,27315,8195,NA,NA
150,HOME (Helping Our Music Evolve),RUSSELL STREET BOOKS LLC,615 MAIN ST,615 MAIN ST,8216000400,138495,Book Stores + News Dealers,RUSSELL STREET BOOKS LLC,0,0,NA,NA
183,Honky Tonk Central,"HTDG, LLC",329 BROADWAY,329 BROADWAY,9306401500,153986,Drinking Places (Alcoholic Bev,HONKY TONK CENTRAL,176936,53081,NA,NA
185,Huba Huba Tiki Tonk,NO QUARTER,922 MAIN ST,922 MAIN ST,8212031200,174513,Drinking Places (Alcoholic Bev,NO QUARTER,35918,10775,NA,NA
186,Inglewood Lounge,ACTUAL FOOD NASHVILLE LLC,3914 GALLATIN PIKE,3914 GALLATIN PIKE,6115023500,163227,Small Resturants-Independents,DANIEL FORBERG,7499,2250,NA,NA
187,Island Vibes,ISLAND VIBES,1316 ANTIOCH PIKE,1316 ANTIOCH PIKE,13415000500,173847,Small Resturants-Independents,ISLAND VIBES,41580,12474,NA,NA
188,Jefferson Street Jazz Street Festival,NA,1215 9TH AVE N,NA,8116021300,NA,NA,NA,NA,NA,NA,NA
189,Jimmy Buffett's Margaritaville,IMCMV NASHVILLE LLC,322 BROADWAY,322 BROADWAY,9306400100,147480,Full Service Resturants,IMCMV HOLDINGS LLC,222855,66857,NA,NA
190,Joe's Place,JDA PUB INC,2227 BANDYWOOD DR,2227 BANDYWOOD DR,11714012300,141548,Drinking Places (Alcoholic Bev,JDA PUB INC,25201,7560,NA,NA
191,Johnny Cash's Kitchen & Saloon,"SHANDAR, LLC",121 3RD AVE S,121 3RD AVE S,9306403100,173781,Full Service Resturants,"SHANDAR, LLC",1601593,480478,NA,NA
192,Kid Rock's Big Honky Tonk Rock N' Roll Steakhouse,HARRY O`S STEAKHOUSE LLC,221 BROADWAY,221 BROADWAY,9306404100,174819,Full Service Resturants,HARRY O`S STEAKHOUSE LLC,1190140,357042,NA,NA
195,L27 Rooftop Lounge,OAK STEAKHOUSE,807 CLARK PL,807 CLARK PL,9310003200,168364,Full Service Resturants,NASHVILLE HOSPITALITY CAPITAL LLC,2272590,681777,"[
 {
   ""name"": ""L27 Rooftop Lounge"",
   ""BUSNAME"": ""ENCORE GROUP USA LLC"",
   ""address_admin"": ""807 CLARK PL"",
   ""PropAddr"": ""807 CLARK PL"",
   ""APN"": 9310003200,
   ""ACCOUNT"": 169702,
   ""BUSTYPE"": ""Equipment Only"",
   ""OWNER"": ""AUDIO VISUAL SERVICES GROUP LLC"",
   ""APPRVALUE"": 60983,
   ""ASSDVALUE"": 18295,
   ""secondary_source"": """"
 },
 {
   ""FIELD1"": 194,
   ""name"": ""L27 Rooftop Lounge"",
   ""BUSNAME"": ""WESTIN NASHVILLE, THE"",
   ""address_admin"": ""807 CLARK PL"",
   ""PropAddr"": ""807 CLARK PL"",
   ""APN"": 9310003200,
   ""ACCOUNT"": 168289,
   ""BUSTYPE"": ""Full Service Hotel"",
   ""OWNER"": ""NASHVILLE HOSPITALITY CAPITAL LLC"",
   ""APPRVALUE"": 7356724,
   ""ASSDVALUE"": 2207017
 }
]",hotel
196,Lab Canna,NA,1106 GALLATIN AVE,NA,8301008700,NA,NA,NA,NA,NA,NA,NA
197,La Costa Mexican Seafood,LA COSTA NAYARITA INC,5332 CANE RIDGE RD,5332 CANE RIDGE RD,16300027400,173333,Small Resturants-Independents,LA COSTA NAYARITA INC,55554,16666,NA,NA
198,Larry's Grand Ole Garage,NA,549 E MAPLE ST,NA,4314003600,NA,NA,NA,NA,NA,NA,NA
206,Las Fogatas,WAVE LOUNGE,5560 NOLENSVILLE PIKE,5560 NOLENSVILLE PIKE,16100030500,170496,Drinking Places (Alcoholic Bev,WAVE LOUNGE,79568,23870,NA,NA
209,Layla's Honky Tonk,BLUEGRASS INN,418 BROADWAY,418 BROADWAY,9306307500,101547,Drinking Places (Alcoholic Bev,LAYLA VARTANIAN,25397,7619,NA,NA
210,Live Oak,LIVE OAK LLC,1530 DEMONBREUN ST,1530 DEMONBREUN ST,9313001000,176429,Drinking Places (Alcoholic Bev,LIVE OAK LLC,62850,18855,NA,NA
211,Los Arcos,LOS ARCOS SEAFOOD + GRILL,3798 NOLENSVILLE PIKE,3798 NOLENSVILLE PIKE,13300011600,142952,Full Service Resturants,JOSE GUTIERREZ,28931,8679,NA,NA
212,Loser Most Wanted Bar & Grill (Downtown),LOSERS DOWNTOWN,111 4TH AVE S,111 4TH AVE S,9306400800,154648,Full Service Resturants,LOSERS DOWNTOWN,138786,41636,NA,NA
219,Lou|Na,LOU NA,1000 BROADWAY,1000 BROADWAY,9309034300,181411,Drinking Places (Alcoholic Bev,LOU NA,58309,17493,NA,NA
221,Lucky Bastard Saloon,FUN EATS AND DRINKS LLC  65041,408 BROADWAY,408 BROADWAY,9306308000,119530,Full Service Resturants,FUN EATS AND DRINKS LLC,77948,23384,NA,NA
222,Luke's 32 Bridge Food & Drink,LUKE BRYAN`S 32 BRIDGE,301 BROADWAY,301 BROADWAY,9306402700,172972,Drinking Places (Alcoholic Bev,TC RESTAURANT GROUP LLC,737437,221231,NA,NA
230,Marisqueria 7 Mares,7 MARES RESTAURANT,931 RICHARDS RD,931 RICHARDS RD,14800029500,126594,Small Resturants-Independents,7 MARES RESTAURANT,6469,1941,NA,NA
235,Maxwell Lounge at Millenium Maxwell House Nashville,MILLENNIUM MAXWELL HOUSE,2025 ROSA L PARKS BLVD,2025 ROSA L PARKS BLVD,8104022200,86873,Full Service Hotel,MILLENNIUM MAXWELL HOUSE,642842,192853,"[
 {
   ""name"": ""Maxwell Lounge at Millenium Maxwell House Nashville"",
   ""BUSNAME"": ""UNITED GIFT SHOP #401"",
   ""address_admin"": ""2025 ROSA L PARKS BLVD"",
   ""PropAddr"": ""2025 ROSA L PARKS BLVD"",
   ""APN"": 8104022200,
   ""ACCOUNT"": 144587,
   ""BUSTYPE"": ""Gift, Novelty, Souvenir Store"",
   ""OWNER"": ""UNITED GIFT SHOP #401"",
   ""APPRVALUE"": 1000,
   ""ASSDVALUE"": 300
 }
]",hotel
237,"Mellow Mushroom 
(Broadway)",MM BROADWAY INC,423 BROADWAY,423 BROADWAY,9306310700,170221,Full Service Resturants,MARK CLARK,330822,99247,NA,NA
238,Mickeys Tavern,SHAMROCK + THISTLE LLC,2907 GALLATIN PIKE,2907 GALLATIN PIKE,7206023400,84497,Drinking Places (Alcoholic Bev,"SHAMROCK & THISTLE, LLC",14574,4372,NA,NA
257,Music City Bar & Grill,MUSIC CITY BAR + GRILL THE,2416 MUSIC VALLEY DR,2416 MUSIC VALLEY DR,6200023300,138847,Drinking Places (Alcoholic Bev,BLAKE KOVRIG,9448,2834,"[
 {
   ""name"": ""Music City Bar & Grill"",
   ""BUSNAME"": ""TENNESSEE SONGWRITERS ASSOC INTERNATIONAL"",
   ""address_admin"": ""2416 MUSIC VALLEY DR"",
   ""PropAddr"": ""2416 MUSIC VALLEY DR"",
   ""APN"": 6200023300,
   ""ACCOUNT"": 165377,
   ""BUSTYPE"": ""Office Administrative Services"",
   ""OWNER"": ""TENNESSEE SONGWRITERS ASSOC INTERNATIONAL"",
   ""APPRVALUE"": 1000,
   ""ASSDVALUE"": 300
 },
 {
   ""name"": ""Music City Bar & Grill"",
   ""BUSNAME"": ""MUSIC VALLEY RECORDING STUDIOS"",
   ""address_admin"": ""2416 MUSIC VALLEY DR"",
   ""PropAddr"": ""2416 MUSIC VALLEY DR"",
   ""APN"": 6200023300,
   ""ACCOUNT"": 163931,
   ""BUSTYPE"": ""Sound Recording Studios"",
   ""OWNER"": ""MUSIC VALLEY RECORDING STUDIOS"",
   ""APPRVALUE"": 11123,
   ""ASSDVALUE"": 3337
 }
]",multiple music venues possible
262,Music City Center,VOLUME SERVICES INC,201 REP JOHN LEWIS WAY S,201 REP JOHN LEWIS WAY S,9310047300,158134,Limited Service-Fast Food,VOLUME SERVICES INC,61987,18596,NA,NA
269,Music City Walk of Fame Park,NA,121 4TH AVE S,121 4TH AVE S,093064B00100CO,NA,NA,NA,NA,NA,"[
 {
   ""name"": ""Music City Walk of Fame Park"",
   ""BUSNAME"": ""ENCORE GROUP USA LLC"",
   ""address_admin"": ""121 4TH AVE S"",
   ""PropAddr"": ""121 4TH AVE S"",
   ""APN"": ""093064B00100CO"",
   ""ACCOUNT"": 162999,
   ""BUSTYPE"": ""Engineering Services"",
   ""OWNER"": ""ENCORE ENCORE GROUP USA LLC"",
   ""APPRVALUE"": 67049,
   ""ASSDVALUE"": 20115
 },
 {
   ""name"": ""Music City Walk of Fame Park"",
   ""BUSNAME"": ""ENCORE GROUP USA LLC"",
   ""address_admin"": ""121 4TH AVE S"",
   ""PropAddr"": ""121 4TH AVE S"",
   ""APN"": ""093064B00100CO"",
   ""ACCOUNT"": 178406,
   ""BUSTYPE"": ""Equipment Only"",
   ""OWNER"": ""AUDIO VISUAL SERVICES GOUP LLC"",
   ""APPRVALUE"": 147004,
   ""ASSDVALUE"": 44101
 }
]",park
272,Musicians Corner,NA,2500 WEST END AVE,NA,9214007600,NA,NA,NA,NA,NA,NA,park
273,Nashville Farmers' Market,NA,900 ROSA L PARKS BLVD,900 ROSA L PARKS BLVD,8213036600,NA,NA,NA,NA,NA,NA,NA
293,Nashville Jazz Workshop,NA,1012 BUCHANAN ST,NA,8107051800,NA,NA,NA,NA,NA,NA,NA
294,Nashville Municipal Auditorium,MUSICIANS HALL OF FAME AND MUSEUM,417 4TH AVE N,417 4TH AVE N,9302001300,145973,Office Administrative Services,MUSICIANS HALL OF FAME AND MUSEUM,6890,2067,NA,NA
306,Nashville Nightlife Theater,TEXAS TROUBADOUR THEATRE,2416 MUSIC VALLEY DR,2416 MUSIC VALLEY DR,6200023300,173827,Musical Groups + Artists,RUDY'S FARM COMPANY OF TENNESSEE,7493,2248,"[
 {
   ""name"": ""Nashville Nightlife Theater"",
   ""BUSNAME"": ""TENNESSEE SONGWRITERS ASSOC INTERNATIONAL"",
   ""address_admin"": ""2416 MUSIC VALLEY DR"",
   ""PropAddr"": ""2416 MUSIC VALLEY DR"",
   ""APN"": 6200023300,
   ""ACCOUNT"": 165377,
   ""BUSTYPE"": ""Office Administrative Services"",
   ""OWNER"": ""TENNESSEE SONGWRITERS ASSOC INTERNATIONAL"",
   ""APPRVALUE"": 1000,
   ""ASSDVALUE"": 300
 },
 {
   ""name"": ""Nashville Nightlife Theater"",
   ""BUSNAME"": ""MUSIC VALLEY RECORDING STUDIOS"",
   ""address_admin"": ""2416 MUSIC VALLEY DR"",
   ""PropAddr"": ""2416 MUSIC VALLEY DR"",
   ""APN"": 6200023300,
   ""ACCOUNT"": 163931,
   ""BUSTYPE"": ""Sound Recording Studios"",
   ""OWNER"": ""MUSIC VALLEY RECORDING STUDIOS"",
   ""APPRVALUE"": 11123,
   ""ASSDVALUE"": 3337
 }
]",multiple music venues possible
318,Nashville Underground,NASHVILLE UNDERGROUND LLC,105 BROADWAY,105 BROADWAY,9306210100,172051,Full Service Resturants,NASHVILLE UNDERGROUND LLC,1432358,429707,NA,NA
319,Nashville's War Memorial Auditorium,NA,301 6TH AVE N,NA,9301008100,NA,NA,NA,NA,NA,NA,NA
320,Nectar Urban Cantina,NECTAR LLC,206 MCGAVOCK PIKE,206 MCGAVOCK PIKE,9504003100,173908,Small Resturants-Independents,NECTAR URBAN CANTINA,179203,53761,NA,NA
321,Neighbors of Sylvan Park,MURPHY ROAD GROUP INC,4425 MURPHY RD,4425 MURPHY RD,10308005400,156421,Drinking Places (Alcoholic Bev,STOCKHOLDERS,79522,23857,NA,NA
323,Nissan Stadium,CUMBERLAND STADIUM,1 TITANS WAY,1 TITANS WAY,9303006600,110276,Fitness + Recreational Sports,KSA INDUSTRIES INC,2829521,848856,"[
 {
   ""name"": ""Nissan Stadium"",
   ""BUSNAME"": ""TICKETMASTER LLC"",
   ""address_admin"": ""1 TITANS WAY"",
   ""PropAddr"": ""1 TITANS WAY"",
   ""APN"": 9303006600,
   ""ACCOUNT"": 133890,
   ""BUSTYPE"": ""Equipment Only"",
   ""OWNER"": ""TICKET MASTER LLC"",
   ""APPRVALUE"": 48363,
   ""ASSDVALUE"": 14509
 },
 {
   ""name"": ""Nissan Stadium"",
   ""BUSNAME"": ""NISSAN STADIUM- RESTURANT"",
   ""address_admin"": ""1 TITANS WAY"",
   ""PropAddr"": ""1 TITANS WAY"",
   ""APN"": 9303006600,
   ""ACCOUNT"": 170699,
   ""BUSTYPE"": ""Full Service Resturants"",
   ""OWNER"": ""NISSAN STADIUM"",
   ""APPRVALUE"": 716871,
   ""ASSDVALUE"": 215061
 }
]",multiple music venues possible
337,Noble's East Nashville,"MEGA LOT, LLC",974 MAIN ST,974 MAIN ST,8309019300,171342,Small Resturants-Independents,NOBLE`S,198719,59616,NA,NA
338,Nudie's Honky Tonk,"BROADWAY HONKY TONK VENTURE, LLC",409 BROADWAY,409 BROADWAY,9306400600,167938,Full Service Resturants,NUDIE`S HONKY TONK,559764,167929,NA,NA
343,Old Glory,OLD GLORY,1200 VILLA PL,1200 VILLA PL,10501023300,169003,Drinking Places (Alcoholic Bev,OLD GLORY,156134,46840,NA,NA
353,Ole Red,OLE RED NASHVILLE,300 BROADWAY,300 BROADWAY,9306202900,173376,Drinking Places (Alcoholic Bev,"OLE RED HOLDINGS, INC.",2906000,871800,NA,NA
354,Opry Backstage Grill,INN AT OPRYLAND,2401 MUSIC VALLEY DR,2401 MUSIC VALLEY DR,6200002900,95066,Economy Hotel,MARRIOTT HOTEL SERVICES INC,2195389,658617,NA,NA
356,Out Loud Music Festival; Tomato Art Fest,NA,14 JAMES ROBERTSON PKWY,NA,8215006700,NA,NA,NA,NA,NA,NA,NA
358,Outback Presents,"OUTBACK PRESENTS, LLC",209 10TH AVE S,209 10TH AVE S,9309032000,93330,Office Administrative Services,"OUTBACK PRESENTS, LLC",32245,9674,NA,NA
406,Oz Arts Nashville,"OZ ARTS, INC.",6172 COCKRILL BEND CIR,6172 COCKRILL BEND CIR,7900009400,155339,Event Venue,OZ EVENTS LLC,180004,54001,NA,NA
407,Phat Bites Deli & Bar,PHAT BITES DELI + RESTAURANT,2730 LEBANON PIKE,2730 LEBANON PIKE,9601001000,114186,Small Resturants-Independents,PHAT BITES DELI + RESTAURANT,11113,3334,NA,NA
410,Plaza Mariachi,TBLC MEDIA LLC,3955 NOLENSVILLE PIKE,3955 NOLENSVILLE PIKE,13315015400,157221,Office Administrative Services,TBLC MEDIA LLC,208864,62659,NA,none look correct
431,Ray Stevens CabaRay,RAY STEVENS CABARAY SHOWROOM,5724 RIVER RD,5724 RIVER RD,10200001200,171399,Drinking Places (Alcoholic Bev,"STEVENS, RAY",978287,293486,"[
 {
   ""name"": ""Ray Stevens CabaRay"",
   ""BUSNAME"": ""AHAB MUSIC CO INC"",
   ""address_admin"": ""5724 RIVER RD"",
   ""PropAddr"": ""5724 RIVER RD"",
   ""APN"": 10200001200,
   ""ACCOUNT"": 89833,
   ""BUSTYPE"": ""Musical Groups + Artists"",
   ""OWNER"": ""NA"",
   ""APPRVALUE"": 0,
   ""ASSDVALUE"": 0
 },
 {
   ""name"": ""Ray Stevens CabaRay"",
   ""BUSNAME"": ""RAY STEVENS MUSIC"",
   ""address_admin"": ""5724 RIVER RD"",
   ""PropAddr"": ""5724 RIVER RD"",
   ""APN"": 10200001200,
   ""ACCOUNT"": 89834,
   ""BUSTYPE"": ""Musical Groups + Artists"",
   ""OWNER"": ""NA"",
   ""APPRVALUE"": 0,
   ""ASSDVALUE"": 0
 },
 {
   ""name"": ""Ray Stevens CabaRay"",
   ""BUSNAME"": ""RAY STEVENS (ANNEX)"",
   ""address_admin"": ""5724 RIVER RD"",
   ""PropAddr"": ""5724 RIVER RD"",
   ""APN"": 10200001200,
   ""ACCOUNT"": 142240,
   ""BUSTYPE"": ""Musical Groups + Artists"",
   ""OWNER"": ""RAY STEVENS (ANNEX)"",
   ""APPRVALUE"": 0,
   ""ASSDVALUE"": 0
 }
]",multiple music venues possible
432,Red Door Saloon,RED DOOR SALOON THE,1816 DIVISION ST,1816 DIVISION ST,9216022300,126045,Drinking Places (Alcoholic Bev,RED DOOR SALOON,63164,18949,NA,NA
433,Red Door Saloon East,RED DOOR SALOON EAST,1010 FORREST AVE,1010 FORREST AVE,8309012700,128371,Drinking Places (Alcoholic Bev,"CLARKE, RIC",61570,18471,NA,NA
436,Redneck Riviera,REDNECK RIVIERA BAR & BBQ,208 BROADWAY,208 BROADWAY,9306211100,172973,Drinking Places (Alcoholic Bev,"RICH, JOHN",896318,268895,NA,hotel
438,Renaissance Nashville Hotel-Bridge Bar,NA,611 COMMERCE ST,611 COMMERCE ST,9306311900,NA,NA,NA,NA,NA,NA,none look correct
443,Rippy's Smokin' Bar & Grill,RIPPY`S SMOKING BAR + GRILL,429 BROADWAY,429 BROADWAY,9306310400,120657,Limited Service-Fast Food,RIPPY`S SMOKING BAR + GRILL,190998,57299,NA,NA
444,Rocketown (Main Building),ROCKETOWN,601 4TH AVE S,601 4TH AVE S,9310038100,124598,Music/Performance Venue,ROCKETOWN,213736,64121,NA,NA
445,Santa's Pub,SANTA`S PUB,2225 BRANSFORD AVE,2225 BRANSFORD AVE,10515006000,155461,Drinking Places (Alcoholic Bev,ELMER DENZEL IRWIN,6344,1903,NA,NA
446,Schermerhorn Symphony Center,NA,1 SYMPHONY PL,NA,9306406200,NA,NA,NA,NA,NA,NA,NA
447,Sheraton Downtown Nashville,NASHVILLE HOSPITALITY LLC,623 UNION ST,623 UNION ST,9305201600,99414,Full Service Hotel,NASHVILLE HOSPITALITY LLC,7380185,2214056,"[
 {
   ""name"": ""Sheraton Downtown Nashville"",
   ""BUSNAME"": ""ENCORE GROUP USA LLC"",
   ""address_admin"": ""623 UNION ST"",
   ""PropAddr"": ""623 UNION ST"",
   ""APN"": 9305201600,
   ""ACCOUNT"": 146202,
   ""BUSTYPE"": ""Equipment Only"",
   ""OWNER"": ""AUDIO VISUAL SERVICES GROUP LLC"",
   ""APPRVALUE"": 48773,
   ""ASSDVALUE"": 14632
 }
]",hotel
450,Sid Gold<92>s Request Room,SID GOLD`S REQUEST ROOM,3245 GALLATIN PIKE,3245 GALLATIN PIKE,7206004500,179707,Drinking Places (Alcoholic Bev,SID GOLD`S REQUEST ROOM,58309,17493,NA,NA
454,Sinema,SINEMA RESTAURANT,2600 8TH AVE S,2600 8TH AVE S,11802026300,161666,Full Service Resturants,SINEMA RESTAURANT,425915,127775,NA,NA
458,Solberg Studios,NA,1618 JEFFERSON ST,NA,8115059500,NA,NA,NA,NA,NA,NA,NA
459,Southern Grist Brewing East Nashville,NA,754 DOUGLAS AVE,NA,7116030200,NA,NA,NA,NA,NA,NA,NA
462,Star Rover Sound,STAR ROVER SOUND,1400 ADAMS ST,1400 ADAMS ST,8205017200,179257,Limited Service-Fast Food,STAR ROVER SOUND,98975,29693,NA,NA
463,Symphony Lounge at Hilton Nashville Downtown,HILTON NASHVILLE DOWNTOWN,121 4TH AVE S,121 4TH AVE S,093064B00100CO,116688,Full Service Hotel,DOWNTOWN HOTEL LLC,4391565,1317470,"[
 {
   ""name"": ""Symphony Lounge at Hilton Nashville Downtown"",
   ""BUSNAME"": ""ENCORE GROUP USA LLC"",
   ""address_admin"": ""121 4TH AVE S"",
   ""PropAddr"": ""121 4TH AVE S"",
   ""APN"": ""093064B00100CO"",
   ""ACCOUNT"": 162999,
   ""BUSTYPE"": ""Engineering Services"",
   ""OWNER"": ""ENCORE ENCORE GROUP USA LLC"",
   ""APPRVALUE"": 67049,
   ""ASSDVALUE"": 20115
 },
 {
   ""name"": ""Symphony Lounge at Hilton Nashville Downtown"",
   ""BUSNAME"": ""ENCORE GROUP USA LLC"",
   ""address_admin"": ""121 4TH AVE S"",
   ""PropAddr"": ""121 4TH AVE S"",
   ""APN"": ""093064B00100CO"",
   ""ACCOUNT"": 178406,
   ""BUSTYPE"": ""Equipment Only"",
   ""OWNER"": ""AUDIO VISUAL SERVICES GOUP LLC"",
   ""APPRVALUE"": 147004,
   ""ASSDVALUE"": 44101
 }
]",hotel
470,TailGate Brewery East,TAILGATE BREWERY EAST,811 GALLATIN AVE,811 GALLATIN AVE,8305018200,174131,Full Service Resturants,TAILGATE BREWERY EAST,43943,13183,NA,NA
475,Tailgate Brewery-HQ,TAILGATE BREWERY LLC,7300 CHARLOTTE PIKE,7300 CHARLOTTE PIKE,11400013700,162457,Microbrewery,TAILGATE BREWERY LLC,204072,61222,"[
 {
   ""name"": ""Tailgate Brewery-HQ"",
   ""BUSNAME"": ""TAILGATE BEER LLC"",
   ""address_admin"": ""7300 CHARLOTTE PIKE"",
   ""PropAddr"": ""7300 CHARLOTTE PIKE"",
   ""APN"": 11400013700,
   ""ACCOUNT"": ""161272"",
   ""BUSTYPE"": ""Microbrewery"",
   ""OWNER"": ""TAILGATE BEER LLC"",
   ""APPRVALUE"": 609608,
   ""ASSDVALUE"": 182882
 }
]",multiple music venues possible
479,Tennessee Brew Works,TENNESSEE BREW WORKS,809 EWING AVE,809 EWING AVE,9314033500,169850,Microbrewery,TENNESSEE BREW WORKS,979856,293957,"[
 {
   ""name"": ""Tennessee Brew Works"",
   ""BUSNAME"": ""TENNESSEE TAPROOM LLC"",
   ""address_admin"": ""809 EWING AVE"",
   ""PropAddr"": ""809 EWING AVE"",
   ""APN"": 9314033500,
   ""ACCOUNT"": 161208,
   ""BUSTYPE"": ""Drinking Places (Alcoholic Bev"",
   ""OWNER"": ""TENNESSEE TAPROOM LLC"",
   ""APPRVALUE"": 168255,
   ""ASSDVALUE"": 50477
 },
 {
   ""name"": ""Tennessee Brew Works"",
   ""BUSNAME"": ""TENNESSEE BREW WORKS LLC"",
   ""address_admin"": ""809 EWING AVE"",
   ""PropAddr"": ""809 EWING AVE"",
   ""APN"": 9314033500,
   ""ACCOUNT"": 161892,
   ""BUSTYPE"": ""Microbrewery"",
   ""OWNER"": ""TENNESSEE BREW STATION LLC"",
   ""APPRVALUE"": 0,
   ""ASSDVALUE"": 0
 }
]",multiple music venues possible
480,Tequila Cowboy,TEQUILA COWBOY,305 BROADWAY,305 BROADWAY,9306402600,138385,Drinking Places (Alcoholic Bev,TEQUILA COWBOY,275927,82778,NA,NA
493,Texas Troubadour Theatre,TEXAS TROUBADOUR THEATRE,2416 MUSIC VALLEY DR,2416 MUSIC VALLEY DR,6200023300,173827,Musical Groups + Artists,RUDY'S FARM COMPANY OF TENNESSEE,7493,2248,NA,NA
505,The 5 Spot,"FIVE SPOT, THE LLC",1006 FORREST AVE,1006 FORREST AVE,8309013000,126028,Drinking Places (Alcoholic Bev,"FIVE SPOT, THE LLC",53437,16031,NA,NA
507,The Basement East,"BASEMENT AT 1604, THE",1604 8TH AVE S,1604 8TH AVE S,10506019900,118009,Drinking Places (Alcoholic Bev,NA,79568,23870,NA,NA
512,The Bridge (Renaissance Nashville Hotel),CATAPULT INTEGRATED SERVICES LLC,611 COMMERCE ST,611 COMMERCE ST,9306311900,157124,Office Administrative Services,CATAPULT INTEGRATED SERVICES LLC,259649,77895,NA,hotel
517,The Cobra,COBRA THE,2511 GALLATIN AVE,2511 GALLATIN AVE,7213009300,168539,Drinking Places (Alcoholic Bev,NIKOLAOS C GEHRKE,2000,600,NA,NA
518,The Countrypolitan Bar & Kitchen (inside Hotel Indigo),TN UNION OWNER LLC,301 UNION ST,301 UNION ST,9302315200,146150,Full Service Hotel,ROBERT W WINSTON III,1579852,473956,NA,hotel
519,The Cowan,TOPGOLF NASHVILLE,500 COWAN ST,500 COWAN ST,8210006200,171154,Fitness + Recreational Sports,TOPGOLF NASHVILLE,3663211,1098963,NA,NA
520,The District Bar & Kitchen (Hotel Indigo Downtown),KING + BALLOW,315 UNION ST,315 UNION ST,9302315100,99959,Offices of Lawyers,MICHAEL D OESTERLE,191733,57520,NA,hotel
521,The Donelson Pub,DONELSON PUB,945 ALLEN RD,945 ALLEN RD,9613015301,94764,Drinking Places (Alcoholic Bev,"PUB LLC, THE",89291,26787,NA,NA
524,The East Room,EAST ROOM THE,2412 GALLATIN AVE,2412 GALLATIN AVE,7213039000,162307,Drinking Places (Alcoholic Bev,EAST ROOM THE,1000,300,NA,NA
525,The Eighth Room,NA,2106 8TH AVE S,NA,10510029900,NA,NA,NA,NA,NA,NA,NA
528,The End,"END, THE",2219 ELLISTON PL,2219 ELLISTON PL,9215017100,122493,Drinking Places (Alcoholic Bev,BRUCE FITZPATRICK,79568,23870,NA,NA
529,The Fisher Center for the Performing Arts,NA,2020 BELMONT BLVD,NA,10416041400,NA,NA,NA,NA,NA,NA,NA
572,The Gibson Garage,CINCO DE MAYO,209 10TH AVE S,209 10TH AVE S,9309032000,162049,Drinking Places (Alcoholic Bev,GUADALUPE INC,10763,3229,"[
 {
   ""name"": ""The Gibson Garage"",
   ""BUSNAME"": ""GIBSON BRANDS, INC."",
   ""address_admin"": ""209 10TH AVE S"",
   ""PropAddr"": ""209 10TH AVE S"",
   ""APN"": 9309032000,
   ""ACCOUNT"": 118295,
   ""BUSTYPE"": ""Office Administrative Services"",
   ""OWNER"": ""GIBSON GUITAR CORP"",
   ""APPRVALUE"": 2431783,
   ""ASSDVALUE"": 729535
 }
]",multiple music venues possible
582,The Lipstick Lounge,BROAD BASED PRODUCTIONS LLC,1400 WOODLAND ST,1400 WOODLAND ST,8309041700,122593,Drinking Places (Alcoholic Bev,CHRISTA SUPPAN,60730,18219,NA,NA
583,The Listening Room,LISTENING ROOM CAFE,618 4TH AVE S,618 4TH AVE S,9311024500,177573,Drinking Places (Alcoholic Bev,LISTENING ROOM CAFE,44573,13372,NA,NA
584,The Local Distro,NA,614 GARFIELD ST,NA,8108041400,NA,NA,NA,NA,NA,NA,NA
585,The Local Nashville,LOCAL THE,110 28TH AVE N,110 28TH AVE N,10403000500,172031,Small Resturants-Independents,LOCAL THE,32910,9873,NA,NA
599,The Office Nashville,POP LLC,604 GALLATIN AVE,604 GALLATIN AVE,8305012900,165037,Small Resturants-Independents,POP LLC,34236,10271,NA,NA
601,The Parthenon,NA,2500 WEST END AVE,NA,9214007600,NA,NA,NA,NA,NA,NA,NA
602,The Row Kitchen & Pub,ROW INC THE,110 LYLE AVE,110 LYLE AVE,9216013400,158256,Full Service Resturants,THE ROW INC,153352,46006,NA,NA
603,The Rum Room,NA,2116 MEHARRY BLVD,NA,9203005800,NA,NA,NA,NA,NA,NA,NA
604,The Second Fiddle,SECOND FIDDLE,420 BROADWAY,420 BROADWAY,9306307400,125187,Drinking Places (Alcoholic Bev,SECOND FIDDLE INC,54862,16459,NA,NA
605,The Stage on Broadway,"STAGE ON BROADWAY INC, THE",412 BROADWAY,412 BROADWAY,9306307800,120280,Drinking Places (Alcoholic Bev,"STAGE ON BROADWAY, THE",222035,66611,NA,NA
606,The Station Inn,STATION INN,402 12TH AVE S,402 12TH AVE S,9313058100,89734,Drinking Places (Alcoholic Bev,EARL J. T. GRAY,1000,300,NA,NA
607,The Stillery (Downtown),"STILLERY, THE",113 2ND AVE N,113 2ND AVE N,9306204900,164127,Full Service Resturants,"STILLERY, THE",65982,19795,NA,NA
608,The Underdog,NA,3208 GALLATIN PIKE,NA,7206023800,NA,NA,NA,NA,NA,NA,NA
609,The Valentine,"CUSABOO JR., LLC - THE VALENTINE",312 BROADWAY,312 BROADWAY,9306400500,172800,Full Service Resturants,"VALENTINE, THE",169815,50945,NA,NA
610,The Vinyl Lounge,IL FORNO LLC,1414 3RD AVE S,1414 3RD AVE S,10507043500,170126,"Caterers, Food Wagon, Mobile",IL FORNO LLC,48680,14604,NA,NA
615,Thirsty Turtle Sports Grill,"THIRSTY TURTLE SPORTS GRILL, THE",1307 BELL RD,1307 BELL RD,16200029000,152178,Drinking Places (Alcoholic Bev,THIRSTY TURTLE,12610,3783,NA,NA
624,Tin Roof Broadway,TIN ROOF,316 BROADWAY,316 BROADWAY,9306201200,161288,Full Service Resturants,TIN ROOF,404176,121253,NA,NA
625,Tootsie's Orchid Lounge,TOOTSIE`S ORCHID LOUNGE,422 BROADWAY,422 BROADWAY,9306307300,99173,Drinking Places (Alcoholic Bev,TIMOTHY SMITH,286818,86045,NA,NA
701,Top Golf,TOPGOLF NASHVILLE,500 COWAN ST,500 COWAN ST,8210006200,171154,Fitness + Recreational Sports,TOPGOLF NASHVILLE,3663211,1098963,NA,NA
702,Tribe,SUZY WONGS NASHVILLE LLC,1515 CHURCH ST,1515 CHURCH ST,9212036400,139176,Full Service Resturants,ZEUS ENTERPRISES + ARNOLD MYINT,22651,6795,NA,NA
704,TRUE Music Room and Bar (Cambria Hotel & Suites),"EIGHTH SOBRO, INC",118 8TH AVE S,118 8TH AVE S,9310048900,174803,Full Service Resturants,"BLACK, KELLY",226984,68095,"[
 {
   ""name"": ""TRUE Music Room and Bar (Cambria Hotel & Suites)"",
   ""BUSNAME"": ""CAMBRIA NASHVILLE"",
   ""address_admin"": ""118 8TH AVE S"",
   ""PropAddr"": ""118 8TH AVE S"",
   ""APN"": 9310048900,
   ""ACCOUNT"": 172320,
   ""BUSTYPE"": ""Full Service Hotel"",
   ""OWNER"": ""CHOICE HOTELS"",
   ""APPRVALUE"": 2731676,
   ""ASSDVALUE"": 819503
 }
]",hotel
705,Twin Kegs II,TWIN KEG II BAR + GRILL,327 HERMITAGE AVE,327 HERMITAGE AVE,9413005100,161960,Drinking Places (Alcoholic Bev,NA,56813,17044,NA,NA
707,Urban Cowboy Public House Bar,103 NORTH 16TH LLC,1603 WOODLAND ST,1603 WOODLAND ST,8310018500,181890,Drinking Places (Alcoholic Bev,"PORTER, LYON",40633,12190,NA,NA
708,Van Gogh's Ear Wine Bar,615 CHUTNEY,1112 WOODLAND ST,1112 WOODLAND ST,8309017500,175298,Small Resturants-Independents,615 CHUTNEY,15000,4500,NA,NA
709,Vinyl Tap,VINYL TAP WAX + DRAFTS,2038 GREENWOOD AVE,2038 GREENWOOD AVE,8303006400,168568,Drinking Places (Alcoholic Bev,VINYL TAP WAX + DRAFTS,35905,10772,NA,NA
712,WannaB's Karaoke Bar,WANNA B`S KARAOKE BAR,305 BROADWAY,305 BROADWAY,9306402600,138388,Drinking Places (Alcoholic Bev,WANNA B`S KARAOKE BAR,51586,15476,NA,NA
713,War Memorial Auditorium,NA,301 6TH AVE N,NA,9301008100,NA,NA,NA,NA,NA,NA,NA
714,Whiskey Bent Saloon,WHISKEY BENT SALOON LLC,306 BROADWAY,306 BROADWAY,9306202700,147184,Drinking Places (Alcoholic Bev,NA,75310,22593,NA,NA
715,Wildhorse Saloon,WILD HORSE SALOON,120 2ND AVE N,120 2ND AVE N,9306208100,99851,Full Service Resturants,MARRIOTT HOTEL SERVICES INC,2318236,695471,NA,NA
717,Winners Bar & Grill,ELEVATION 9 LLC,1913 DIVISION ST,1913 DIVISION ST,9216025500,145761,Drinking Places (Alcoholic Bev,MEMBERS,189035,56711,NA,NA
719,Yee Haw Brewing Co.,YEE HAW BREWING CO,423 6TH AVE S,423 6TH AVE S,9310018800,177595,Microbrewery,YEE HAW BREWING CO,72638,21791,NA,NA
723,Zanies Comedy Showplace Nashville,ZANIES REDAMAKS,2025 8TH AVE S,2025 8TH AVE S,10510018300,90307,Drinking Places (Alcoholic Bev,BRIAN DORFMAN,121398,36419,NA,NA
724,Ascend Amphitheater,LIVE NATION INC,310 1ST AVE S,310 1ST AVE S,9306004100,175042,Music/Performance Venue,LIVE NATION INC,536396,160919,NA,NA
726,"CE gallery
(WEHO and/or Madison location)",NA,425 CHESTNUT ST,425 CHESTNUT ST,10503017100,NA,NA,NA,NA,NA,NA,none look correct
733,Cheekwood Botanical Garden and Museum of Art,"CHEEKWOOD MANSION GIFT SHOP, THE",111 CHEEK RD,111 CHEEK RD,12912013400,177525,"Gift, Novelty, Souvenir Store","CHEEKWOOD MANSION GIFT SHOP, THE",2942,883,"[
 {
   ""name"": ""Cheekwood Botanical Garden and Museum of Art"",
   ""BUSNAME"": ""CAFE 29 AT CHEEKWOOD"",
   ""address_admin"": ""111 CHEEK RD"",
   ""PropAddr"": ""111 CHEEK RD"",
   ""APN"": 12912013400,
   ""ACCOUNT"": 92732,
   ""BUSTYPE"": ""Full Service Resturants"",
   ""OWNER"": ""CHEEKWOOD"",
   ""APPRVALUE"": 105303,
   ""ASSDVALUE"": 31591
 }
]",multiple music venues possible
734,City Winery Nashville,CITY WINERY,600 MIDDLETON ST,600 MIDDLETON ST,9314059200,162182,Drinking Places (Alcoholic Bev,CITY WINERY LLC,3151062,945319,NA,NA
735,Deep Tropics (Music Festival),NA,900 ROSA L PARKS BLVD,900 ROSA L PARKS BLVD,8213036600,NA,NA,NA,NA,NA,NA,park
755,Delgado Guitars,NA,919 C GALLATIN AVE,NA,8301045500,NA,NA,NA,NA,NA,NA,NA
757,Drifters BBQ,DRIFTERS,1008 WOODLAND ST,1008 WOODLAND ST,8309021400,144973,Drinking Places (Alcoholic Bev,MATT CHARETTE,13692,4108,NA,NA
759,Eastside Bowl,JDM MANAGEMENT INC,1508 GALLATIN PIKE,1508 GALLATIN PIKE,5100018000,141004,"Automotive Parts, Accessories",JDM MANAGEMENT INC,27659,8298,NA,NA
760,Fanny's House of Music,FANNY`S HOUSE OF MUSIC INC,1101 HOLLY ST,1101 HOLLY ST,8309023600,145892,General Retail,JESSICA MAPLES,2000,600,NA,NA
761,GEODIS Park,NA,0 RAINS AVE,NA,10507037500,NA,NA,NA,NA,NA,NA,NA
762,GEODIS Park,NA,0 RAINS AVE,NA,10507051900,NA,NA,NA,NA,NA,NA,NA
763,GEODIS Park,NA,0 RAINS AVE,NA,10511033100,NA,NA,NA,NA,NA,NA,NA
764,GEODIS Park,NA,0 RAINS AVE,NA,10511033000,NA,NA,NA,NA,NA,NA,NA
773,Homegrown Taproom Kitchen,HOMEGROWN TAPROOM + MARKETPLACE,2720 OLD LEBANON PIKE,2720 OLD LEBANON PIKE,9601016300,163550,General Retail,HOMEGROWN TAPROOM + MARKETPLACE,35897,10769,NA,NA
775,Jane's Hideaway,NO 308,403 GALLATIN AVE,403 GALLATIN AVE,8309000800,156127,Drinking Places (Alcoholic Bev,NO 308,22482,6745,NA,NA
779,Lipscomb University Department of Theatre,LIPSCOMB UNIVERSITY CAMPUS STORE,1 UNIVERSITY PARK DR,1 UNIVERSITY PARK DR,11716016300,181902,Book Stores + News Dealers,LIPSCOMB UNIVERSITY CAMPUS STORE,44027,13208,NA,NA
835,Little Harpeth Brewing,HOST TRA BNA FB LLC,1 TERMINAL DR,1 TERMINAL DR,10700005000,174775,Small Resturants-Independents,HOST TRA BNA FB LLC,78092,23428,NA,NA
855,Marathon Music Works,JR FACILITY MANAGEMENT LLC,1404 CLINTON ST,1404 CLINTON ST,9208001800,152777,Office Administrative Services,JR FACILITY MANAGEMENT LLC,56116,16835,NA,NA
856,McNamara's Irish Pub,MCNAMARA`S IRISH PUB + RESTAURANT,2740 OLD LEBANON PIKE,2740 OLD LEBANON PIKE,9601001600,146619,Small Resturants-Independents,MCNAMARA`S IRISH PUB + RESTAURANT,43339,13002,NA,NA
857,Mirror Mirror,CLOUD 9 SALON & DAY SPA,2623 LEBANON PIKE,2623 LEBANON PIKE,9504018600,173919,"Hair, Nail + Skin Care Service",CLOUD 9 SALON & DAY SPA,9725,2918,NA,NA
859,Music Makers Stages at Delgado Guitars,DELGADO GUITARS,919 A GALLATIN AVE,919 A GALLATIN AVE,8301041800,141549,Misc Small Mfg,MANUEL DELGADO,13397,4019,NA,NA
865,Musicians Hall of Fame and Museum,MUSICIANS HALL OF FAME AND MUSEUM,417 4TH AVE N,417 4TH AVE N,9302001300,145973,Office Administrative Services,MUSICIANS HALL OF FAME AND MUSEUM,6890,2067,NA,NA
866,Nashville Children's Theatre,BARBERSHOP TOURS INC,700 PRESIDENT RONALD REAGAN WAY,700 PRESIDENT RONALD REAGAN WAY,9311019900,151018,Musical Groups + Artists,BARBERSHOP TOURS INC,8938,2681,NA,NA
867,Out Loud Music Festival; Tomato Art Fest,NA,1106 WOODLAND ST,NA,8309017800,NA,NA,NA,NA,NA,NA,NA
869,Pearl Diver,PEARL DIVER LLC,1010 GALLATIN AVE,1010 GALLATIN AVE,8301015500,173389,Small Resturants-Independents,"SPICHER, MATT",41580,12474,NA,NA
871,Queen Ave Collective,NA,180 QUEEN AVE,NA,7107002600,NA,NA,NA,NA,NA,NA,NA
872,Rebar at the Dam,REBAR AT THE DAM,3248 BLACKWOOD DR,3248 BLACKWOOD DR,9713003900,171454,Drinking Places (Alcoholic Bev,REBAR AT THE DAM,135418,40625,NA,NA
873,Rosemary and Beauty Queen (bar); Pink Spiders (band),ROSEMARY & BEAUTY QUEEN THE,1102 FORREST AVE,1102 FORREST AVE,8309012500,170733,Full Service Resturants,ROSEMARY & BEAUTY QUEEN THE,367494,110248,NA,NA
874,The Ballad of Emerson Hall,NA,2510 GALLATIN AVE,NA,7213038300,NA,NA,NA,NA,NA,NA,NA
875,The Bluebird Cafe,HELENS,4104 A HILLSBORO PIKE,4104 A HILLSBORO PIKE,131020B00300CO,91365,General Retail,JANE M. JACKSON,83777,25133,NA,NA
876,The Fairgrounds Nashville,NA,0 RAINS AVE,NA,10507037500,NA,NA,NA,NA,NA,NA,NA
877,The Fairgrounds Nashville,NA,0 RAINS AVE,NA,10507051900,NA,NA,NA,NA,NA,NA,NA
878,The Fairgrounds Nashville,NA,0 RAINS AVE,NA,10511033100,NA,NA,NA,NA,NA,NA,NA
879,The Fairgrounds Nashville,NA,0 RAINS AVE,NA,10511033000,NA,NA,NA,NA,NA,NA,NA
881,The Getalong,"GETALONG, THE",700 A FATHERLAND ST,700 A FATHERLAND ST,8216023900,176254,General Retail,"KITE, JENNIFER",1000,300,NA,NA
883,The Hideout Salon and Lounge,BOB`S BODY SHOP,2605 GALLATIN AVE,2605 GALLATIN AVE,7213003900,84517,Automotive Body & Paint,NA,1638,491,NA,NA
885,The High Watt,MERCY LOUNGE,1 CANNERY ROW,1 CANNERY ROW,9314000200,122826,Drinking Places (Alcoholic Bev,MERCY LOUNGE,79568,23870,NA,NA
886,The Jamnasium-nashville City Center,NA,511 UNION ST,511 UNION ST,9306101600,NA,NA,NA,NA,NA,NA,park
905,The Treehouse,"PIE IN THE SKY PIZZA, INC.",1011 CLEARVIEW AVE,1011 CLEARVIEW AVE,8309013800,159527,Small Resturants-Independents,"PIE IN THE SKY PIZZA, INC.",193213,57964,NA,NA
915,The Wedge pizza Pub,LOADING DOCK THE,2020 LINDELL AVE,2020 LINDELL AVE,10510036000,173577,Small Resturants-Independents,LOADING DOCK THE,17218,5165,NA,NA
917,TSU Performing Arts Center,NA,3401 JOHN A MERRITT BLVD,3401 JOHN A MERRITT BLVD,9201001900,NA,NA,NA,NA,NA,NA,none look correct
921,Yay Yay's,SMOOTHIE KING,1903 JEFFERSON ST,1903 JEFFERSON ST,9203042000,174090,Limited Service-Fast Food,SMOOTHIE KING,254384,76315,NA,NA
922,Yolan,NA,401 KOREAN VETERANS BLVD,NA,093100F00100CO,NA,NA,NA,NA,NA,NA,NA
923,3rd & Lindsley,VINMAN CORPORATION,805 PRESIDENT RONALD REAGAN WAY,805 PRESIDENT RONALD REAGAN WAY,9315006000,93025,Small Resturants-Independents,NA,127919,38376,NA,NA
932,Alley Taps,NA,162 4TH AVE N 205,NA,093061F20500CO,NA,NA,NA,NA,NA,NA,NA
933,Andrew Jackson Hall-TPAC,DIPPIN DOTS LLC,301 REP JOHN LEWIS WAY N,301 REP JOHN LEWIS WAY N,9302300700,181996,General Retail,DIPPIN DOTS LLC,21288,6386,NA,NA
935,Anzie Blue,ANZIE BLUE,1803 21ST AVE S,1803 21ST AVE S,10412000300,181416,Small Resturants-Independents,ANZIE BLUE,21240,6372,NA,NA
944,Assembly Food Hall,SHAKE SHACK TENNESSEE LLC 1255,500 BROADWAY,500 BROADWAY,093063A00300CO,182143,Limited Service-Fast Food,SHAKE SHACK TENNESSEE LLC 1255,58431,17529,NA,park
1099,Bavarian Bierhaus,BAVARIAN BIERHAUS,433 OPRY MILLS DR,433 OPRY MILLS DR,7300001700,170256,Full Service Resturants,BAVARIAN BIERHAUS,275366,82610,NA,NA
1139,Belcourt Theatre,NA,2100 BELCOURT AVE,NA,10408010800,NA,NA,NA,NA,NA,NA,NA
1140,Betty's Grill,BETTY`S GRILL,4900 CHARLOTTE AVE,4900 CHARLOTTE AVE,9115025000,87886,Limited Service-Fast Food,BETTY OLIVER,1000,300,NA,NA
1143,Big Machine Brewery,BIG MACHINE STORE & DISTILLERY,120 3RD AVE S,120 3RD AVE S,9306405500,177345,Drinking Places (Alcoholic Bev,BIG MACHINE STORE & DISTILLERY,44573,13372,NA,NA
1144,Black Rabbit,BLACK RABBIT LLC,218 3RD AVE N #100,218 3RD AVE N #100,093023F00100CO,169097,Small Resturants-Independents,BLACK RABBIT LLC,136976,41093,NA,NA
1145,Bourbon Street Blues and Boogie Bar,BOURBON STREET BLUES AND BOOGIE BAR,218 4TH AVE N,218 4TH AVE N,9302316100,99505,Drinking Places (Alcoholic Bev,BOURBON STREET BLUES AND BOOGIE BAR,79568,23870,NA,NA
1147,Brooklyn Bowl Nashville,BOWLS HOLDINGS NASHVILLE LLC,915 3RD AVE N,915 3RD AVE N,8213040500,178837,Drinking Places (Alcoholic Bev,BROOKLYN BOWL NASHVILLE,3011139,903342,NA,NA
1158,Bucanas 2009,BUCANAS,3802 NOLENSVILLE PIKE,3802 NOLENSVILLE PIKE,13300002400,147305,Small Resturants-Independents,NA,10700,3210,NA,NA
1160,Carl's Corner Pub & Bar,CARL`S,3755 NOLENSVILLE PIKE,3755 NOLENSVILLE PIKE,13310004200,152765,Small Resturants-Independents,CARL`S,5809,1743,NA,NA
1165,Casa Rosa Miranda Lamberts,SAVANNAH`S CANDY KITCHEN OF NASHVILLE INC,308 BROADWAY,308 BROADWAY,9306202600,153886,Small Resturants-Independents,SAVANNAH`S CANDY KITCHEN OF NASHVILLE INC,56986,17096,NA,NA
1166,Casa Rosa Miranda Lamberts,CRAZY TOWN NASHVILLE,308 BROADWAY,308 BROADWAY,9306202600,172085,Full Service Resturants,CRAZY TOWN NASHVILLE,216779,65034,NA,NA
1167,CMA Theater,NA,224 REP JOHN LEWIS WAY S,NA,093100B00200CO,NA,NA,NA,NA,NA,NA,NA
1168,Country Music Hall of Fame and Museum,COUNTRY MUSIC FOUNDATION,222 REP JOHN LEWIS WAY S,222 REP JOHN LEWIS WAY S,093100B00100CO,100902,Musical Groups + Artists,NA,0,0,"[
 {
   ""name"": ""Country Music Hall of Fame and Museum"",
   ""BUSNAME"": ""COUNTRY MUSIC FOUNDATION INC"",
   ""address_admin"": ""222 REP JOHN LEWIS WAY S"",
   ""PropAddr"": ""222 REP JOHN LEWIS WAY S"",
   ""APN"": ""093100B00100CO"",
   ""ACCOUNT"": 101110,
   ""BUSTYPE"": ""Office Administrative Services"",
   ""OWNER"": ""COUNTRY MUSIC FOUNDATION INC"",
   ""APPRVALUE"": 3240750,
   ""ASSDVALUE"": 972225
 },
 {
   ""name"": ""Country Music Hall of Fame and Museum"",
   ""BUSNAME"": ""HALL OF FAME GRILL & CATERING, LLC"",
   ""address_admin"": ""222 REP JOHN LEWIS WAY S"",
   ""PropAddr"": ""222 REP JOHN LEWIS WAY S"",
   ""APN"": ""093100B00100CO"",
   ""ACCOUNT"": 129374,
   ""BUSTYPE"": ""Small Resturants-Independents"",
   ""OWNER"": ""COUNTRY MUSIC FOUNDATION"",
   ""APPRVALUE"": 407490,
   ""ASSDVALUE"": 122247
 }
]",multiple music venues possible
1174,Ellingston's,FAIRLANE HOTEL,241 4TH AVE N,241 4TH AVE N,9302305500,173159,Full Service Hotel,FAIRLANE HOTEL,4404411,1321323,NA,hotel
1176,EXIT/IN,"BONA FIDE LIVE, INC",2208 ELLISTON PL,2208 ELLISTON PL,9215011000,177861,Office Administrative Services,"BONA FIDE LIVE, INC",9998,2999,NA,NA
1177,FISK University Little Theatre,NA,934 DR D B TODD JR BLVD,NA,9203041400,NA,NA,NA,NA,NA,NA,NA
1178,General Jackson Showboat,PAULA DEEN`S FAMILY KITCHEN,577 OPRY MILLS DR,577 OPRY MILLS DR,7300003900,181410,Full Service Resturants,PAULA DEEN`S FAMILY KITCHEN,2010487,603146,NA,NA
1179,Hard Rock Cafe,HARD ROCK CAFE INTL STP INC,108 2ND AVE N,108 2ND AVE N,9306208600,99146,Full Service Resturants,HARD ROCK CAFE INTL STP INC,712341,213702,NA,NA
1182,Hifi Clyde's Nashville,CLYDE`S ON CHURCH,1700 CHURCH ST,1700 CHURCH ST,9212030500,167643,Drinking Places (Alcoholic Bev,CLYDE`S ON CHURCH,363437,109031,NA,NA
1184,Hopsmith Tavern,HOPSMITH TAVERN,1903 DIVISION ST,1903 DIVISION ST,9216026100,171264,Drinking Places (Alcoholic Bev,HOPSMITH TAVERN,498049,149415,NA,NA
1185,James K Polk Theater-TPAC,DIPPIN DOTS LLC,301 REP JOHN LEWIS WAY N,301 REP JOHN LEWIS WAY N,9302300700,181996,General Retail,DIPPIN DOTS LLC,21288,6386,NA,NA
1186,Jason Aldean's Kitchen + Rooftop Bar,JASON ALDEAN`S KITCHEN + ROOFTOP BAR,309 BROADWAY,309 BROADWAY,9306402500,172971,Drinking Places (Alcoholic Bev,JASON ALDEAN`S KITCHEN + ROOFTOP BAR,591577,177473,NA,NA
1188,John A's Restaurant,JOHN A`S LITTLE PALACE,2425 MUSIC VALLEY DR,2425 MUSIC VALLEY DR,6200015400,132468,Drinking Places (Alcoholic Bev,JOHN A`S LITTLE PALACE,91748,27524,NA,NA
1191,Kittenish,VELOCITY APARTMENTS IN THE GULCH,320 11TH AVE S,320 11TH AVE S,093130B00200CO,158132,Apts W/Clubhouse,NICOL INVESTMENT CO,143969,43191,NA,NA
1196,La Terraza Mexican Restaurant,CICI`S PIZZA #326,5731 NOLENSVILLE PIKE,5731 NOLENSVILLE PIKE,16100014000,113862,Limited Service-Fast Food,AYCE ENTERPRISES INC,57411,17223,NA,none look correct
1201,Las Cazuelas,LAS CAZUELAS MEXICAN GRILL INC,4112 NOLENSVILLE PIKE,4112 NOLENSVILLE PIKE,14700000800,132328,Full Service Resturants,JOSE GUTTERREZ,65040,19512,NA,NA
1203,Legends Corner,LEGENDS CORNER,424 BROADWAY,424 BROADWAY,9306307200,101548,Drinking Places (Alcoholic Bev,BROADWAY ENTERTAINMENT,105932,31780,NA,NA
1209,Lonnie's western Room,615 WINE CELLAR,300 CHURCH ST,300 CHURCH ST,9302316800,178540,Food Mfg,615 WINE CELLAR,1126540,337962,NA,NA
1210,Loveless Cafe,LOVELESS CAFE,8400 HIGHWAY 100,8400 HIGHWAY 100,16900001400,92724,Full Service Resturants,LOVELESS CAFE,772994,231898,NA,NA
1215,Martin's BBQ Joint - SOBRO,MARTIN`S BBQ JOINT,410 4TH AVE S,410 4TH AVE S,9310043700,169464,Full Service Resturants,MARTIN`S BBQ JOINT,591934,177580,NA,NA
1217,Miss Kelli's Karaoke Bar,MS KELLI`S,207 3RD AVE N 101,207 3RD AVE N 101,093023D00100CO,133827,Drinking Places (Alcoholic Bev,MS KELLI`S,32600,9780,NA,NA
1219,Moonlite Drive-in,NA,941 B MAIN ST,NA,082124D90000CO,NA,NA,NA,NA,NA,NA,NA
1220,Moxy Nashville,MOXY NASHVILLE DOWNTOWN,110 3RD AVE S,110 3RD AVE S,9306405700,177552,Economy Hotel,MOXY NASHVILLE DOWNTOWN,3881665,1164500,NA,NA
1221,NashHouse Southern Spoon and Saloon,NA,1222 DEMONBREUN ST,NA,093090E00100CO,NA,NA,NA,NA,NA,NA,NA
1223,Natl Museum of African American Music,REVV LLC,500 BROADWAY,500 BROADWAY,093063A00300CO,178389,General Retail,REVV LLC,21813,6544,NA,NA
1227,Patron Event Center,SILVERADO RIVERGATE SPORTS BAR + GRILL,709 RIVERGATE PKWY,709 RIVERGATE PKWY,2613006900,140003,Drinking Places (Alcoholic Bev,SILVERADO RIVERGATE SPORTS BAR + GRILL,9130,2739,NA,NA
1228,Play Dance Bar,PLAY,1517 CHURCH ST,1517 CHURCH ST,9212036500,128535,Drinking Places (Alcoholic Bev,PLAY,56894,17068,NA,NA
1230,Primm's Appetit,LITTON CORNER MARKET,2830 GALLATIN PIKE,2830 GALLATIN PIKE,7210011500,84358,General Retail,HANA ANKI,7407,2222,NA,NA
1236,Puckett's Grocery & Restaurant Downtown,PUCKETT`S 5TH + CHURCH INC,201 REP JOHN LEWIS WAY N,201 REP JOHN LEWIS WAY N,9306104000,151781,Full Service Resturants,ANDREW MARSHALL,326692,98008,NA,NA
1242,Riverside Revival Nashville,NA,1600 RIVERSIDE DR,NA,7215018800,NA,NA,NA,NA,NA,NA,NA
1243,Robert's Western World,HONKY TONK INC,416 B BROADWAY,416 B BROADWAY,9306307600,100865,Drinking Places (Alcoholic Bev,"JONES, JESSIE",118578,35573,NA,NA
1244,Rosie's Twin Kegs,ROSIE`S TWIN KEGS,413 THOMPSON LN,413 THOMPSON LN,11909023900,96835,Drinking Places (Alcoholic Bev,TIA ROSE MIRENDA,79568,23870,NA,NA
1245,Rudy's Jazz Room,RUDY`S JAZZ ROOM LLC,600 9TH AVE S,600 9TH AVE S,9314055500,169510,Drinking Places (Alcoholic Bev,RUDY`S JAZZ ROOM LLC,85198,25559,NA,NA
1248,Ryman Auditorium,RYMAN AUDITORIUM,116 REP JOHN LEWIS WAY N,116 REP JOHN LEWIS WAY N,9306307100,100003,Musical Groups + Artists,"RHP HOTEL OPERATIONS HOLDCO, LLC",3696178,1108853,NA,NA
1249,Sambuca (Restaurant),NASHVILLE URBAN PARTNERS 2000 / MERCURY VIEW LOFTS,1209 PINE ST,1209 PINE ST,9313010400,127313,Apts WO/Clubhouse,"NASHVILLE URBAN PARTNERS 2000, LLC",200931,60279,NA,NA
1254,Scoreboard Restaurant & Sports Bar,MURRELL JANSEN INC,2416 MUSIC VALLEY DR,2416 MUSIC VALLEY DR,6200023300,102152,Drinking Places (Alcoholic Bev,DIANA JANSON,79568,23870,"[
 {
   ""name"": ""Scoreboard Restaurant & Sports Bar"",
   ""BUSNAME"": ""TENNESSEE SONGWRITERS ASSOC INTERNATIONAL"",
   ""address_admin"": ""2416 MUSIC VALLEY DR"",
   ""PropAddr"": ""2416 MUSIC VALLEY DR"",
   ""APN"": 6200023300,
   ""ACCOUNT"": 165377,
   ""BUSTYPE"": ""Office Administrative Services"",
   ""OWNER"": ""TENNESSEE SONGWRITERS ASSOC INTERNATIONAL"",
   ""APPRVALUE"": 1000,
   ""ASSDVALUE"": 300
 },
 {
   ""name"": ""Scoreboard Restaurant & Sports Bar"",
   ""BUSNAME"": ""MUSIC VALLEY RECORDING STUDIOS"",
   ""address_admin"": ""2416 MUSIC VALLEY DR"",
   ""PropAddr"": ""2416 MUSIC VALLEY DR"",
   ""APN"": 6200023300,
   ""ACCOUNT"": 163931,
   ""BUSTYPE"": ""Sound Recording Studios"",
   ""OWNER"": ""MUSIC VALLEY RECORDING STUDIOS"",
   ""APPRVALUE"": 11123,
   ""ASSDVALUE"": 3337
 }
]",multiple music venues possible
1280,Shamblin Theater,LIPSCOMB UNIVERSITY CAMPUS STORE,1 UNIVERSITY PARK DR,1 UNIVERSITY PARK DR,11716016300,181902,Book Stores + News Dealers,LIPSCOMB UNIVERSITY CAMPUS STORE,44027,13208,NA,NA
1281,Sidebar Nashville,HOWELL PARK PARTNERS LLC,401 B PRESIDENT RONALD REAGAN WAY,401 B PRESIDENT RONALD REAGAN WAY,093100A00100CO,174615,Extended Stay Hotel,HOWELL PARK PARTNERS LLC,557494,167248,NA,NA
1283,Skull's Rainbow Club,"LUKE VENTURE, LLC",222 4TH AVE N,222 4TH AVE N,9302316000,171252,Full Service Resturants,SKULLS RAINBOW ROOM,599268,179780,NA,NA
1284,Skydeck on Broadway,NA,600 B BROADWAY,NA,093063A00500CO,NA,NA,NA,NA,NA,NA,NA
1290,Snitch,4 PANT LLC,210 4TH AVE N,210 4TH AVE N,9306105700,175130,Full Service Hotel,4 PANT LLC,8780629,2634189,"[
 {
   ""name"": ""Snitch"",
   ""BUSNAME"": ""DREAM NASHVILLE"",
   ""address_admin"": ""210 4TH AVE N"",
   ""PropAddr"": ""210 4TH AVE N"",
   ""APN"": 9306105700,
   ""ACCOUNT"": 175568,
   ""BUSTYPE"": ""Full Service Hotel"",
   ""OWNER"": ""DREAM NASHVILLE"",
   ""APPRVALUE"": 0,
   ""ASSDVALUE"": 0
 }
]",hotel
1292,Sobro Sports Bar and Grill (Hilton Garden Inn Downtown),SOBRO BEVERAGE LICENSE COMPANY LLC,419 3RD AVE S,419 3RD AVE S,9310043100,170693,Limited Service-Fast Food,SOBRO BEVERAGE LICENSE COMPANY LLC,0,0,NA,NA
1293,Sonny's Patio Pub and Refuge,GERMANTOWN BAR,1318 6TH AVE N,1318 6TH AVE N,8209005400,171234,Drinking Places (Alcoholic Bev,"DANIEL, WAYNE B",79568,23870,"[
 {
   ""name"": ""Sonny's Patio Pub and Refuge"",
   ""BUSNAME"": ""JKB RESTAURANT GROUP LLC"",
   ""address_admin"": ""1318 6TH AVE N"",
   ""PropAddr"": ""1318 6TH AVE N"",
   ""APN"": 8209005400,
   ""ACCOUNT"": 181955,
   ""BUSTYPE"": ""Full Service Resturants"",
   ""OWNER"": ""TY HAUTER"",
   ""APPRVALUE"": 152467,
   ""ASSDVALUE"": 45740
 }
]",multiple music venues possible
1295,Springwater Supper Club & Lounge,SPRINGWATER,2701 POSTON AVE,2701 POSTON AVE,10403000400,87694,Drinking Places (Alcoholic Bev,WILLIAM TERRY CANTRELL,4555,1367,NA,NA
1297,Tennessee Performing Arts Center,DIPPIN DOTS LLC,301 REP JOHN LEWIS WAY N,301 REP JOHN LEWIS WAY N,9302300700,181996,General Retail,DIPPIN DOTS LLC,21288,6386,NA,NA
1298,The Back Corner,5TH + TAYLOR,1401 5TH AVE N,1401 5TH AVE N,8112041500,163556,Full Service Resturants,5TH + TAYLOR,252970,75891,NA,NA
1300,The Big Bang Dueling Pianos,THE WHISKEY SHOT,209 3RD AVE N,209 3RD AVE N,9302316600,179793,Drinking Places (Alcoholic Bev,THE WHISKEY SHOT,58309,17493,NA,NA
1302,The Blue Room at Third Man Records,THIRD MAN RECORDS,623 7TH AVE S,623 7TH AVE S,9314021600,146015,Sound Recording Studios,THIRD MAN RECORDS,288470,86541,NA,NA
1303,The Electric Jane,INFINITY MUSIC ROW LLC,1221 DIVISION ST,1221 DIVISION ST,9313058400,169423,Apts W/Clubhouse,INFINITY MUSIC ROW LLC,136726,41018,NA,NA
1312,The Goat,BILLY GOAT TAVERN TN LLC,1226 2ND AVE N,1226 2ND AVE N,8209037500,174442,Full Service Resturants,"ONE LIFESTYLE, LTD.",40681,12204,NA,NA
1315,The Nashville Palace,"NASHVILLE PALACE, THE",2611 A MCGAVOCK PIKE,2611 A MCGAVOCK PIKE,6200023700,143979,Full Service Resturants,"NASHVILLE PALACE, THE",45368,13610,NA,NA
1317,The Roadside Bar & Grill,ROADSIDE BAR + GRILL,4617 OLD HICKORY BLVD,4617 OLD HICKORY BLVD,7509015400,152375,Drinking Places (Alcoholic Bev,ROADSIDE BAR + GRILL,15313,4594,NA,NA
1318,Twelve Keys Saloon,NA,4719 ANDREW JACKSON PKWY,NA,6416001100,NA,NA,NA,NA,NA,NA,NA
1320,Up a roof top lounge,VISION NASHVILLE GULCH LLC,901 DIVISION ST,901 DIVISION ST,9314056700,162420,Full Service Hotel,VISION NASHVILLE GULCH LLC,550419,165126,NA,NA
